name,gender,count
Mary,F,3747982
Patricia,F,1569661
Elizabeth,F,1560365
Jennifer,F,1468240
Linda,F,1448868
Barbara,F,1425056
Margaret,F,1137587
Susan,F,1109965
Dorothy,F,1055071
Jessica,F,1045846
Sarah,F,1037333
Nancy,F,985740
Karen,F,985072
Betty,F,984999
Lisa,F,963761
Helen,F,900727
Sandra,F,872286
Emily,F,855451
Ashley,F,850534
Kimberly,F,840411
Donna,F,827000
Carol,F,812505
Michelle,F,812138
Amanda,F,775497
Anna,F,754771
Melissa,F,753349
Laura,F,752827
Stephanie,F,740573
Rebecca,F,740066
Ruth,F,738348
Deborah,F,737805
Sharon,F,719753
Cynthia,F,706019
Kathleen,F,705167
Amy,F,686398
Shirley,F,680576
Angela,F,664246
Emma,F,641204
Virginia,F,625603
Catherine,F,617795
Katherine,F,615219
Brenda,F,605479
Pamela,F,591978
Nicole,F,589285
Samantha,F,581550
Christine,F,575981
Evelyn,F,575251
Rachel,F,558157
Janet,F,551122
Carolyn,F,549862
Debra,F,547801
Maria,F,543213
Frances,F,534376
Heather,F,523003
Diane,F,515192
Julie,F,506294
Joyce,F,504512
Victoria,F,501364
Olivia,F,500661
Alice,F,495737
Martha,F,492966
Joan,F,476063
Christina,F,471930
Kelly,F,470860
Lauren,F,470453
Marie,F,465081
Ann,F,450955
Judith,F,448823
Doris,F,448525
Grace,F,446804
Jean,F,446171
Hannah,F,437120
Megan,F,436997
Andrea,F,436901
Cheryl,F,436868
Kathryn,F,435550
Rose,F,429191
Julia,F,426650
Jacqueline,F,422001
Sara,F,418605
Gloria,F,410382
Teresa,F,407596
Janice,F,402734
Madison,F,399101
Mildred,F,394976
Lillian,F,388969
Theresa,F,388272
Abigail,F,387293
Charlotte,F,385870
Sophia,F,379145
Judy,F,378506
Beverly,F,374210
Denise,F,369899
Amber,F,369497
Marilyn,F,369052
Danielle,F,367589
Isabella,F,366683
Natalie,F,361692
Jane,F,361654
Diana,F,360179
Brittany,F,358062
Kayla,F,340756
Alexis,F,339662
Lori,F,339043
Tiffany,F,336414
Kathy,F,330979
Ruby,F,330246
Tammy,F,329605
Crystal,F,327410
Taylor,F,324973
Bonnie,F,319221
Lois,F,317422
Phyllis,F,317179
Erin,F,313002
Alyssa,F,309775
Irene,F,309286
Anne,F,307537
Allison,F,306711
Ava,F,301086
Shannon,F,292868
Peggy,F,288537
Eleanor,F,288493
Audrey,F,288115
Robin,F,287754
Tina,F,286937
Dawn,F,285650
Louise,F,283406
Annie,F,282642
Ella,F,278645
Rita,F,277318
Wanda,F,276157
Josephine,F,275192
Paula,F,274845
Norma,F,268761
Jamie,F,266985
Leslie,F,265358
Mia,F,262333
Valerie,F,262062
Connie,F,262043
Wendy,F,259390
Marjorie,F,258972
Brianna,F,257243
Vanessa,F,256236
Courtney,F,255634
Elaine,F,255580
Cindy,F,254200
Melanie,F,252153
Ellen,F,251038
Jasmine,F,251003
Tracy,F,247949
Florence,F,247804
Monica,F,246053
April,F,238413
Alexandra,F,236972
Sheila,F,235211
Leah,F,233375
Sylvia,F,229451
Erica,F,228913
Eva,F,228481
Sherry,F,227044
Hazel,F,226420
Edna,F,226369
Alicia,F,224749
Caroline,F,224524
Chloe,F,224362
Carrie,F,223115
Katie,F,221879
Esther,F,221434
Michele,F,220843
Clara,F,218773
Gladys,F,217774
Morgan,F,217667
Amelia,F,217090
Kristen,F,216342
Edith,F,215811
Suzanne,F,215474
Veronica,F,213826
Joanne,F,208228
Anita,F,207816
Vivian,F,206468
Dolores,F,206150
Rhonda,F,205664
Jill,F,205373
Geraldine,F,204405
Lorraine,F,203678
Lucille,F,203123
Thelma,F,201816
Darlene,F,200865
Holly,F,200405
Pauline,F,200353
Juanita,F,198394
Gail,F,197869
Sally,F,195390
Ethel,F,195086
Brooke,F,192707
June,F,192344
Claire,F,191641
Dana,F,189211
Madeline,F,185676
Debbie,F,184876
Lucy,F,184068
Eileen,F,181845
Renee,F,181638
Lynn,F,178195
Savannah,F,177926
Kristin,F,176941
Kim,F,176821
Jo,F,175448
Regina,F,172932
Tara,F,172816
Sydney,F,169936
Hailey,F,169474
Cathy,F,167430
Cassandra,F,166871
Molly,F,165599
Roberta,F,164693
Kaitlyn,F,164225
Naomi,F,164140
Marion,F,163643
Bernice,F,163605
Beatrice,F,163513
Loretta,F,162895
Annette,F,162705
Laurie,F,162680
Stacy,F,160851
Chelsea,F,159888
Colleen,F,159199
Stella,F,158719
Jeanne,F,158387
Lydia,F,158208
Lily,F,157257
Haley,F,156220
Jeanette,F,155316
Beth,F,154964
Lindsey,F,154920
Rosemary,F,154530
Joann,F,153100
Sofia,F,152627
Yvonne,F,151014
Vicki,F,150777
Gina,F,149598
Rosa,F,148514
Destiny,F,147689
Kelsey,F,147169
Carla,F,146067
Stacey,F,145289
Avery,F,144854
Jenna,F,144757
Shelby,F,144599
Heidi,F,143968
Terri,F,143415
Nora,F,143137
Violet,F,142517
Paige,F,140981
Maureen,F,139846
Georgia,F,138037
Faith,F,137991
Arlene,F,137905
Sabrina,F,137698
Sue,F,137535
Elsie,F,137386
Bertha,F,137015
Zoe,F,136512
Carmen,F,134874
Joy,F,134432
Addison,F,134211
Kristina,F,134030
Gabrielle,F,133755
Mackenzie,F,133707
Kaylee,F,133384
Constance,F,133088
Jordan,F,132205
Katelyn,F,132165
Autumn,F,132117
Melinda,F,132024
Deanna,F,131851
Wilma,F,131655
Jessie,F,131502
Marian,F,129743
Charlene,F,129703
Marcia,F,128659
Tamara,F,128403
Lindsay,F,127609
Alexa,F,127608
Alma,F,127368
Marlene,F,126130
Gabriella,F,124788
Ida,F,124554
Daisy,F,123692
Erika,F,122534
Riley,F,122247
Vera,F,122150
Aubrey,F,121464
Willie,F,121151
Claudia,F,121062
Gertrude,F,119860
Marissa,F,118215
Tonya,F,117860
Nina,F,117345
Gwendolyn,F,116392
Angelina,F,115800
Agnes,F,115642
Priscilla,F,115357
Patsy,F,115356
Isabel,F,114957
Kylie,F,114757
Lillie,F,114448
Delores,F,114242
Tanya,F,113732
Brooklyn,F,113097
Sophie,F,112211
Alison,F,111729
Sadie,F,111360
Miranda,F,110670
Caitlin,F,110302
Mariah,F,108914
Yolanda,F,108704
Ariana,F,108556
Maxine,F,107788
Harper,F,107754
Carole,F,107427
Vickie,F,107361
Cora,F,105910
Jocelyn,F,105822
Maya,F,105497
Glenda,F,105387
Layla,F,104672
Makayla,F,104552
Miriam,F,104444
Genevieve,F,104407
Brandy,F,104352
Lena,F,103913
Bailey,F,103585
Joanna,F,103117
Bessie,F,102978
Pearl,F,102597
Ana,F,102081
Melody,F,101623
Marsha,F,101220
Brandi,F,99918
Margie,F,99357
Alexandria,F,99023
Nellie,F,98734
Zoey,F,98726
Kara,F,98632
Viola,F,98345
Katrina,F,98156
Aaliyah,F,97703
Sierra,F,97144
Madelyn,F,97079
Bethany,F,97063
Billie,F,96856
Arianna,F,96668
Toni,F,96505
Christy,F,95564
Angel,F,95416
Penny,F,95359
Kendra,F,94820
Whitney,F,94614
Natasha,F,94461
Meghan,F,94205
Cecilia,F,94163
Terry,F,93553
Kay,F,93431
Briana,F,93146
Camila,F,92572
Dianne,F,92345
Mattie,F,91877
Maggie,F,91675
Isabelle,F,90912
Jennie,F,90785
Jade,F,90182
Adriana,F,90019
Leona,F,89492
Minnie,F,89294
Nevaeh,F,88887
Angelica,F,88609
Hope,F,88257
Karla,F,87082
Myrtle,F,87081
Jackie,F,86919
Felicia,F,86895
Jenny,F,86744
Bridget,F,86443
Elena,F,85006
Gianna,F,84249
Tracey,F,84107
Bobbie,F,83885
Iris,F,83649
Scarlett,F,83420
Becky,F,83383
Misty,F,82211
Candace,F,81866
Summer,F,81834
Shelly,F,81657
Sherri,F,81490
Kristine,F,81137
Kennedy,F,80955
Jillian,F,80909
Jacquelyn,F,80893
Penelope,F,80846
Breanna,F,80700
Brittney,F,80497
Desiree,F,80190
Gabriela,F,80107
Trinity,F,79963
Peyton,F,79572
Mae,F,78915
Genesis,F,77656
Geneva,F,77504
Rachael,F,77339
Dora,F,77280
Jodi,F,77127
Skylar,F,76900
Mabel,F,76557
Ellie,F,76490
Lola,F,76349
Sheryl,F,76272
Monique,F,75779
Casey,F,74846
Velma,F,74805
Lynda,F,74392
Kristi,F,74213
Marguerite,F,73876
Harriet,F,73649
Kelli,F,72872
Gracie,F,72522
Bianca,F,72400
Ariel,F,72281
Krystal,F,72208
Natalia,F,71918
Rebekah,F,71341
Krista,F,71165
Kate,F,70999
Meredith,F,70927
Antoinette,F,70593
Shelley,F,69880
Bella,F,69880
Rosalie,F,69670
Aria,F,69185
Belinda,F,68850
Aurora,F,68721
Ada,F,68465
Rosie,F,68279
Kristy,F,67993
Cheyenne,F,67446
Valeria,F,67404
Eunice,F,66122
Serenity,F,65991
Camille,F,65613
Sandy,F,65330
Candice,F,65035
Ramona,F,64542
Hilda,F,64337
Elise,F,64304
Jada,F,64126
Janie,F,64070
Carly,F,63807
Adrienne,F,62983
Hattie,F,62586
Irma,F,62532
Susie,F,62508
Guadalupe,F,62495
Daniela,F,62009
Faye,F,61765
Nichole,F,61675
Liliana,F,61644
Lila,F,61484
Jeannette,F,61288
Sonia,F,61182
Sonya,F,61024
Mckenzie,F,60702
Kendall,F,60194
Marianne,F,59875
Robyn,F,59814
Mila,F,59461
Patty,F,59345
Yvette,F,59194
Rylee,F,58900
Lynne,F,58723
Annabelle,F,58467
Opal,F,58283
Sheri,F,58164
Alberta,F,58115
Gayle,F,57921
Juliana,F,57844
Alana,F,57826
Adeline,F,57809
Reagan,F,57750
Angie,F,57700
Karina,F,57353
Marcella,F,57253
Mya,F,57221
Verna,F,57090
Jordyn,F,57058
Cassidy,F,56976
Abby,F,56865
Maryann,F,56789
Kari,F,56488
Tabitha,F,56067
Kaitlin,F,55938
Payton,F,55740
Lee,F,55619
Ivy,F,55396
Blanche,F,55136
Roxanne,F,55101
Luna,F,54954
Celeste,F,54475
Mallory,F,54397
Fannie,F,54336
Alisha,F,54193
Callie,F,54114
Josie,F,54049
Mikayla,F,53947
Lilly,F,53908
Myra,F,53772
Eloise,F,52928
Jody,F,52901
Lula,F,52765
Inez,F,52483
Dianna,F,52272
Piper,F,51883
Jan,F,51574
Janelle,F,51395
Beulah,F,51235
Caitlyn,F,51020
Lana,F,50690
Kiara,F,50614
Selena,F,50556
Lacey,F,50350
Aimee,F,50122
Kirsten,F,50114
Traci,F,50111
Vicky,F,50096
Alejandra,F,50063
Eliana,F,49920
Allyson,F,49873
Olga,F,49780
Tessa,F,49578
Paisley,F,49114
Flora,F,48959
Michaela,F,48887
Eliza,F,48875
Bernadette,F,48477
Cara,F,48446
Kellie,F,48430
Cristina,F,48401
Hayley,F,48271
Gretchen,F,47921
Nadine,F,47838
Dominique,F,47822
Cecelia,F,47753
Muriel,F,47521
Kylee,F,47444
Mamie,F,47247
Della,F,47125
Jaime,F,47047
Raquel,F,46501
Emilia,F,46267
Jaclyn,F,46214
Erma,F,46057
Esmeralda,F,45948
Rosemarie,F,45780
Marisa,F,45729
Kerry,F,45622
Ashlyn,F,45518
Anastasia,F,45480
Janis,F,44979
Delilah,F,44959
Shelia,F,44847
Giselle,F,44811
Julianna,F,44722
Adrianna,F,44418
Valentina,F,44353
Johanna,F,44140
Aubree,F,44140
Latoya,F,43967
Kelley,F,43623
Khloe,F,43588
Celia,F,43436
Lora,F,43349
Paulette,F,43338
Betsy,F,43305
Willow,F,43177
Shawna,F,43026
Johnnie,F,43025
Aliyah,F,42927
Lucia,F,42922
Rochelle,F,42847
Alaina,F,42793
Doreen,F,42504
Alexia,F,42480
Jasmin,F,42403
Christie,F,42299
Jana,F,42020
Jayla,F,41987
Patti,F,41947
Ginger,F,41804
Makenzie,F,41771
Ashlee,F,41733
Olive,F,41662
Nadia,F,41310
Teri,F,41304
Allie,F,41263
Jazmin,F,41059
Corinne,F,40868
Leila,F,40726
Laurel,F,40425
Elisa,F,40205
Mercedes,F,40180
Elisabeth,F,40153
Carolina,F,40118
Mable,F,40003
Raven,F,39862
Brielle,F,39844
Meagan,F,39734
Estelle,F,39734
Cassie,F,39666
Mckenna,F,39633
Mindy,F,39560
Mona,F,39501
Laverne,F,39426
Quinn,F,39274
London,F,39238
Alondra,F,39061
Kyla,F,39042
Darla,F,38961
Leticia,F,38945
Lynette,F,38924
Delaney,F,38917
Ernestine,F,38792
Serena,F,38700
Leilani,F,38376
Dixie,F,38364
Eden,F,38351
Shari,F,37901
Mariana,F,37774
Athena,F,37700
Pat,F,37627
Laila,F,37503
Reese,F,37502
Madeleine,F,37475
Tricia,F,37223
Yesenia,F,37167
Trisha,F,37100
Mandy,F,36964
Ebony,F,36918
Leigh,F,36655
Henrietta,F,36496
Stacie,F,36487
Kinsley,F,36460
Nikki,F,36305
Hanna,F,35916
Tami,F,35880
Jazmine,F,35772
Kristie,F,35771
Noelle,F,35673
Dakota,F,35597
Amaya,F,35566
Alissa,F,35563
Hadley,F,35491
Kira,F,35473
Lorena,F,35267
Margarita,F,35224
Kimberley,F,35163
Sonja,F,35115
Eula,F,35101
Marla,F,34881
Isla,F,34526
Alina,F,34447
Kerri,F,34400
Sasha,F,34372
Lyla,F,34246
Stefanie,F,34149
Clarissa,F,34136
Brooklynn,F,33998
Kyra,F,33968
Winifred,F,33887
Bonita,F,33858
Tammie,F,33560
Tori,F,33514
Cheri,F,33390
Lorene,F,33381
Tasha,F,33273
Britney,F,33171
Freda,F,33069
Daphne,F,33045
Marina,F,32851
Jewel,F,32835
Fatima,F,32719
Ciara,F,32488
Justine,F,32393
Sherrie,F,32369
Tatiana,F,32178
Bette,F,32113
Katharine,F,32075
Mollie,F,32065
Deloris,F,31775
Jeannie,F,31753
Ronda,F,31727
Bettie,F,31615
Kayleigh,F,31580
Ximena,F,31496
Francine,F,31450
Marisol,F,31432
Pam,F,31340
Diamond,F,31300
Alisa,F,31228
Adele,F,31141
Melba,F,30974
Patrice,F,30939
Mayra,F,30721
Tia,F,30601
Nova,F,30520
Kasey,F,30421
Savanna,F,30326
Shawn,F,30314
Alivia,F,30270
Sallie,F,30226
Makenna,F,30220
Lesley,F,30184
Tracie,F,30131
Therese,F,30126
Rachelle,F,30034
Kassandra,F,29995
Everly,F,29983
Emery,F,29981
Asia,F,29955
Lucinda,F,29933
Keira,F,29923
Ashleigh,F,29869
Charity,F,29814
Jolene,F,29733
Janine,F,29716
Chelsey,F,29609
Alayna,F,29589
Aileen,F,29519
Ryleigh,F,29482
Sienna,F,29445
Christa,F,29285
Keri,F,29280
Reba,F,29243
Katelynn,F,29172
Trina,F,29051
Daniella,F,28924
Phoebe,F,28919
Hayden,F,28907
Harmony,F,28844
Paris,F,28754
Helena,F,28694
Latasha,F,28613
Fiona,F,28508
Nettie,F,28507
Macy,F,28421
Rena,F,28359
Shayla,F,28316
Frankie,F,28120
Lottie,F,28114
Francesca,F,28072
Haylee,F,27988
Juliet,F,27984
Fern,F,27935
Myrna,F,27793
Essie,F,27667
Izabella,F,27642
Angeline,F,27614
Estella,F,27602
Charlie,F,27532
Aniyah,F,27517
Talia,F,27430
Camryn,F,27370
Lenora,F,27362
Lela,F,27348
Juliette,F,27316
Debora,F,27156
Marley,F,26995
Shana,F,26948
Dina,F,26928
Logan,F,26911
Antonia,F,26909
Cameron,F,26905
Lou,F,26873
Janette,F,26867
Addie,F,26726
Dorothea,F,26696
Lea,F,26548
Dena,F,26546
Harley,F,26436
Ollie,F,26421
Heaven,F,26276
Cherie,F,26218
Kali,F,26121
Arielle,F,26103
Brenna,F,26081
Angelique,F,26072
Helene,F,26017
Cierra,F,25874
Hillary,F,25834
Alyson,F,25824
Gwen,F,25813
Adalynn,F,25753
Randi,F,25718
Carissa,F,25670
Tiana,F,25654
Etta,F,25629
Delia,F,25556
Emerson,F,25523
Shanna,F,25491
Norah,F,25464
Leanne,F,25414
Hallie,F,25375
May,F,25354
Julianne,F,25275
Cathleen,F,25273
Joni,F,25163
Ora,F,25134
Candy,F,25108
Kailey,F,25081
Lara,F,25046
Shauna,F,25044
Presley,F,25005
Malia,F,24975
Tania,F,24881
Millie,F,24843
Ayla,F,24739
Karin,F,24561
Brynn,F,24552
Adalyn,F,24433
Lexi,F,24406
Elaina,F,24348
Skyler,F,24346
Fay,F,24333
Lucile,F,24257
Teagan,F,24254
Willa,F,24207
Evangeline,F,24178
Clare,F,24061
Imani,F,23995
Sondra,F,23849
Luz,F,23819
Imogene,F,23754
Jayne,F,23653
Ryan,F,23638
Cleo,F,23494
Jodie,F,23429
Ashlynn,F,23347
Staci,F,23330
Julissa,F,23325
Kiana,F,23260
Goldie,F,23244
Iva,F,23186
Ina,F,23144
Eugenia,F,22899
Lorna,F,22876
Polly,F,22835
Kenya,F,22784
Lizbeth,F,22742
Adelaide,F,22736
Taryn,F,22702
Raelynn,F,22591
Simone,F,22523
Blanca,F,22352
Chasity,F,22287
Elva,F,22277
Jenifer,F,22150
Ingrid,F,22124
Londyn,F,22117
Rosetta,F,21939
Jewell,F,21938
Elsa,F,21906
Viviana,F,21905
Parker,F,21895
Susanne,F,21861
Paola,F,21810
Trudy,F,21779
Catalina,F,21766
Maribel,F,21699
Nia,F,21680
Kamryn,F,21521
Francis,F,21425
Tiara,F,21407
Rosalind,F,21355
Aisha,F,21337
Eve,F,21240
Effie,F,21235
Emilee,F,21201
Tamika,F,21080
Luella,F,21040
Tatum,F,21000
Hilary,F,20868
Bettye,F,20804
Matilda,F,20751
Sage,F,20684
Maritza,F,20677
Arya,F,20658
Jayden,F,20655
Jeannine,F,20640
Lizzie,F,20581
Leann,F,20548
Glenna,F,20517
Arabella,F,20508
Greta,F,20492
Audra,F,20472
Ericka,F,20441
Raegan,F,20403
Cadence,F,20284
Bridgette,F,20275
Latonya,F,20199
Leola,F,20179
Maddison,F,20137
Alanna,F,20131
Chris,F,20058
Bobbi,F,20050
Elvira,F,20039
Margo,F,19974
Larissa,F,19940
Jeanine,F,19932
Camilla,F,19903
Colette,F,19854
Keisha,F,19840
Alessandra,F,19823
Kaylie,F,19802
Nayeli,F,19677
Lia,F,19655
Emely,F,19654
Rylie,F,19645
Ola,F,19620
Leanna,F,19547
Sheena,F,19523
Deana,F,19494
India,F,19456
Nyla,F,19448
Baylee,F,19428
Lauryn,F,19390
Lorie,F,19279
Madilyn,F,19273
Skye,F,19079
Tonia,F,19068
Jimmie,F,19006
Emilie,F,19006
Sidney,F,18966
Jayda,F,18964
Jeri,F,18961
Kiera,F,18897
Angelia,F,18890
Carmela,F,18853
Jami,F,18757
Noemi,F,18731
Cali,F,18683
Robbie,F,18656
Kassidy,F,18618
Madalyn,F,18602
Maci,F,18542
Elliana,F,18521
Clarice,F,18507
Brianne,F,18368
Darcy,F,18322
James,F,18312
Christi,F,18294
Adelyn,F,18294
Yasmin,F,18280
Lilliana,F,18262
Finley,F,18216
Perla,F,18188
Sarai,F,17962
Aspen,F,17921
Mara,F,17911
Macie,F,17869
Kenzie,F,17841
Ladonna,F,17836
Dale,F,17818
Marcy,F,17817
Amara,F,17784
Kyleigh,F,17730
Bernadine,F,17674
Nell,F,17622
Ashton,F,17565
Alta,F,17533
Rene,F,17521
Lyric,F,17507
Mikaela,F,17421
Susana,F,17416
Tabatha,F,17363
Karissa,F,17352
Bryanna,F,17345
Tanisha,F,17332
Alexus,F,17317
Michael,F,17225
Kelsie,F,17222
Nola,F,17139
Terrie,F,17123
Rosalyn,F,17111
Selma,F,17062
Kinley,F,17039
Dulce,F,17027
Katlyn,F,17024
Gale,F,17005
Devon,F,17004
Itzel,F,17004
Amie,F,16997
Rhoda,F,16996
Esperanza,F,16959
Ruthie,F,16919
Araceli,F,16897
Miracle,F,16891
Christian,F,16888
Nelda,F,16885
Kaylin,F,16844
Gemma,F,16840
Mavis,F,16797
Danna,F,16795
Elyse,F,16793
Ainsley,F,16763
Dorthy,F,16752
Kiley,F,16723
Lupe,F,16687
Justice,F,16561
Lenore,F,16550
Latisha,F,16460
Amari,F,16354
Brynlee,F,16302
Noreen,F,16280
Lacy,F,16271
Annika,F,16224
Aniya,F,16215
Kaydence,F,16111
Precious,F,16101
Silvia,F,16096
Lilah,F,16038
Rowan,F,16028
Amira,F,15984
Journey,F,15934
Samara,F,15895
Maeve,F,15885
Ila,F,15882
Melisa,F,15845
Anahi,F,15714
Fernanda,F,15713
John,F,15671
Winnie,F,15652
Maura,F,15607
Claudette,F,15598
Haven,F,15597
Gia,F,15551
Chanel,F,15502
Amiyah,F,15403
Madisyn,F,15301
Carmella,F,15285
Vivienne,F,15278
Joselyn,F,15260
Addyson,F,15254
Katy,F,15251
Nathalie,F,15236
Elinor,F,15234
Elnora,F,15230
Beatriz,F,15226
Saundra,F,15137
Annmarie,F,15122
Robert,F,15116
Harriett,F,15083
Frieda,F,15069
Cortney,F,15016
Anya,F,15013
Paulina,F,15012
Madelynn,F,14994
Elle,F,14990
Devin,F,14947
Lorrie,F,14935
Malinda,F,14917
Rae,F,14911
Sloane,F,14875
Blair,F,14841
Ophelia,F,14818
Gay,F,14767
Melina,F,14765
Janae,F,14740
Abbey,F,14738
Kaitlynn,F,14710
Destinee,F,14689
Tyler,F,14664
Chandra,F,14624
Lilian,F,14565
Liana,F,14495
Elma,F,14421
Kaleigh,F,14387
Virgie,F,14374
Valarie,F,14350
Kamila,F,14296
Corrine,F,14289
Sybil,F,14285
Octavia,F,14239
Earnestine,F,14228
Ariella,F,14195
Nannie,F,14189
Pearlie,F,14152
Reyna,F,14149
Hailee,F,14118
Deja,F,14088
Sharron,F,14070
Carley,F,14040
Hollie,F,14027
Consuelo,F,13949
Eleanore,F,13909
Earline,F,13907
Cornelia,F,13905
Kimberlee,F,13902
Juana,F,13864
Jazlyn,F,13847
Jerry,F,13820
Kierra,F,13794
Shania,F,13787
Bailee,F,13774
Dolly,F,13761
Selina,F,13750
Magdalena,F,13736
Dona,F,13676
Charlee,F,13675
Jimena,F,13671
Brandie,F,13666
Bria,F,13620
Arline,F,13584
Anaya,F,13572
Felicity,F,13550
Ayanna,F,13549
Amina,F,13516
Abbie,F,13471
Deirdre,F,13467
Myla,F,13459
Tommie,F,13442
Emersyn,F,13425
Halle,F,13423
Roslyn,F,13406
Nanette,F,13404
Suzette,F,13401
Graciela,F,13393
Shayna,F,13374
Ilene,F,13363
Kaelyn,F,13325
Cheyanne,F,13267
Elissa,F,13241
Aleah,F,13220
Neva,F,13169
Nicolette,F,13144
Zara,F,13127
Estrella,F,13084
Carina,F,13015
Tierra,F,13009
Luann,F,12990
Lavonne,F,12968
Anika,F,12958
Cecile,F,12920
Margot,F,12915
Kaia,F,12913
Ember,F,12885
Maude,F,12884
Regan,F,12882
Remi,F,12870
Maia,F,12847
Marta,F,12844
Roseann,F,12797
Cristal,F,12778
Danica,F,12776
Annabella,F,12750
Letha,F,12750
Flossie,F,12725
Gillian,F,12715
Nataly,F,12715
Marlee,F,12710
Dylan,F,12681
Sawyer,F,12649
Aylin,F,12632
Tiffani,F,12605
Blake,F,12541
Blakely,F,12538
Haleigh,F,12530
Kennedi,F,12526
Jaqueline,F,12503
Casandra,F,12486
Rosalinda,F,12485
Jerri,F,12464
Annalise,F,12450
Jeanie,F,12450
Susanna,F,12385
Lesly,F,12351
Lexie,F,12350
Kathie,F,12343
Melany,F,12325
Avis,F,12296
Rhiannon,F,12291
Evie,F,12290
Everleigh,F,12280
Lyndsey,F,12279
Kiersten,F,12275
Aubrie,F,12269
Maliyah,F,12264
Mariam,F,12258
Odessa,F,12235
Jaelyn,F,12217
Eddie,F,12204
Chaya,F,12204
Scarlet,F,12159
Chantel,F,12157
Kaila,F,12151
River,F,12145
Jaden,F,12119
Dollie,F,12109
Tammi,F,12102
Lourdes,F,12102
Gracelyn,F,12093
Jacklyn,F,12085
Kailyn,F,12080
Dayana,F,12062
Loraine,F,12033
Wendi,F,12016
Krystle,F,12007
Meaghan,F,12001
Miley,F,11994
Martina,F,11986
Marianna,F,11972
Dee,F,11945
Chrystal,F,11882
Carlie,F,11876
Lorelei,F,11862
Magnolia,F,11822
Chelsie,F,11817
Corina,F,11780
Terra,F,11762
Madyson,F,11690
Liza,F,11682
Lynnette,F,11678
Liberty,F,11677
Journee,F,11651
Concetta,F,11628
Janiyah,F,11612
Charmaine,F,11609
Deidre,F,11593
Marcie,F,11586
Dahlia,F,11571
Joelle,F,11569
Tameka,F,11560
Queen,F,11514
Margery,F,11488
Princess,F,11474
Kourtney,F,11465
Janna,F,11465
Kaley,F,11457
Janell,F,11456
Lakeisha,F,11437
Mckayla,F,11435
Deanne,F,11429
Janessa,F,11404
Rosanne,F,11371
Libby,F,11360
Leia,F,11354
Adrian,F,11353
Thea,F,11334
Yasmine,F,11279
Zelma,F,11247
Hunter,F,11244
Alyce,F,11233
Rocio,F,11224
Micaela,F,11199
Celina,F,11180
Lakisha,F,11177
Karlee,F,11171
Phoenix,F,11144
Skyla,F,11143
Tyra,F,11140
Adelynn,F,11120
Maricela,F,11032
Marci,F,11023
Yaretzi,F,11021
Kris,F,11020
Stephany,F,10999
Earlene,F,10990
Lina,F,10985
Yadira,F,10974
Georgina,F,10938
Rhea,F,10935
Raelyn,F,10903
Elisha,F,10889
Briella,F,10888
Juniper,F,10851
Tess,F,10845
Sheree,F,10828
Josefina,F,10824
Thalia,F,10821
Kailee,F,10806
Edwina,F,10804
Althea,F,10785
Mari,F,10785
Louisa,F,10764
Tamera,F,10762
Alena,F,10712
Tamia,F,10688
Alani,F,10677
Dayna,F,10637
Luciana,F,10617
Jannie,F,10593
Amalia,F,10558
Dalia,F,10523
Chana,F,10511
Karyn,F,10506
Reva,F,10488
Rebeca,F,10472
Lainey,F,10469
Jadyn,F,10458
Tamra,F,10451
Tianna,F,10447
Jayleen,F,10430
Freya,F,10405
Ester,F,10385
Brittani,F,10354
Adelina,F,10352
Kori,F,10349
Zariah,F,10341
Zuri,F,10311
Ashanti,F,10297
Laney,F,10292
Micah,F,10291
Celine,F,10288
Desirae,F,10281
Carlene,F,10257
Jayme,F,10235
Giovanna,F,10221
William,F,10214
Abbigail,F,10213
Annabel,F,10208
America,F,10197
Averie,F,10192
Bridgett,F,10189
Lizette,F,10184
Amani,F,10183
Kadence,F,10164
Mckinley,F,10134
Nona,F,10124
Brinley,F,10116
Iliana,F,10114
Evelynn,F,10094
Demi,F,10065
Moriah,F,10032
Merle,F,10032
Roxie,F,10030
Nylah,F,10023
James,M,5035762
John,M,4895305
Robert,M,4747986
Michael,M,4379257
William,M,3929698
David,M,3623306
Joseph,M,2548904
Richard,M,2545613
Charles,M,2291897
Thomas,M,2265071
Christopher,M,2045291
Daniel,M,1932209
Matthew,M,1620829
Anthony,M,1452725
Donald,M,1405295
Paul,M,1367579
Mark,M,1352374
George,M,1341212
Andrew,M,1291472
Steven,M,1285117
Kenneth,M,1272286
Edward,M,1226863
Joshua,M,1224990
Kevin,M,1175861
Brian,M,1168138
Ronald,M,1078019
Timothy,M,1073476
Jason,M,1039341
Jeffrey,M,975851
Jacob,M,949820
Ryan,M,946769
Nicholas,M,907661
Gary,M,899004
Eric,M,880466
Stephen,M,854313
Jonathan,M,852110
Frank,M,823650
Larry,M,803479
Justin,M,779683
Benjamin,M,770948
Scott,M,769301
Brandon,M,762631
Samuel,M,760911
Raymond,M,753111
Gregory,M,707236
Jack,M,704672
Alexander,M,695960
Patrick,M,672531
Henry,M,654531
Dennis,M,614522
Jerry,M,608213
Tyler,M,593395
Aaron,M,592338
Jose,M,570574
Peter,M,568230
Walter,M,566954
Nathan,M,561059
Adam,M,560699
Douglas,M,555434
Zachary,M,542081
Harold,M,526657
Arthur,M,486694
Kyle,M,480592
Carl,M,479469
Ethan,M,452374
Noah,M,445391
Albert,M,444820
Gerald,M,443232
Lawrence,M,443135
Jeremy,M,439340
Roger,M,436916
Keith,M,434288
Christian,M,433072
Joe,M,424686
Terry,M,420686
Sean,M,419577
Austin,M,419479
Willie,M,412762
Jesse,M,407119
Ralph,M,390138
Dylan,M,389861
Jordan,M,383759
Bryan,M,382041
Bruce,M,380736
Billy,M,380233
Roy,M,377605
Louis,M,371805
Gabriel,M,365003
Eugene,M,363671
Harry,M,358056
Logan,M,358039
Alan,M,352682
Juan,M,350569
Wayne,M,349197
Russell,M,346561
Vincent,M,345489
Philip,M,333593
Elijah,M,329284
Randy,M,326745
Howard,M,324888
Victor,M,316357
Bobby,M,311346
Johnny,M,311146
Mason,M,309533
Bradley,M,306844
Phillip,M,305069
Shawn,M,303592
Travis,M,302691
Martin,M,299255
Caleb,M,298906
Fred,M,297599
Isaac,M,297254
Craig,M,296157
Carlos,M,292844
Stanley,M,290359
Cameron,M,290296
Luke,M,289765
Lucas,M,285759
Cody,M,285074
Jimmy,M,284357
Danny,M,282283
Leonard,M,280015
Todd,M,279181
Luis,M,278666
Ernest,M,276100
Dale,M,273867
Evan,M,272646
Nathaniel,M,272409
Alex,M,272136
Liam,M,272120
Francis,M,269997
Joel,M,269620
Clarence,M,265896
Earl,M,263891
Jackson,M,262782
Allen,M,261675
Theodore,M,257097
Curtis,M,254117
Antonio,M,250258
Adrian,M,248988
Frederick,M,248463
Hunter,M,246451
Marvin,M,246063
Tony,M,245908
Norman,M,243496
Angel,M,243464
Rodney,M,243268
Glenn,M,240921
Chad,M,238019
Ian,M,237984
Melvin,M,236258
Steve,M,234877
Derek,M,232726
Jesus,M,232134
Marcus,M,231978
Edwin,M,231787
Jayden,M,231170
Aiden,M,231065
Julian,M,230442
Isaiah,M,228700
Jeffery,M,227666
Alfred,M,223222
Connor,M,222558
Wesley,M,222096
Ricky,M,220058
Lee,M,216543
Leo,M,212301
Troy,M,210794
Herbert,M,208134
Owen,M,207921
Jeremiah,M,206204
Calvin,M,205246
Dustin,M,205108
Jared,M,200727
Eddie,M,200114
Oliver,M,199283
Mike,M,198310
Randall,M,194525
Ray,M,190046
Shane,M,189284
Bernard,M,189247
Leroy,M,188299
Jay,M,187219
Oscar,M,186757
Corey,M,181758
Gavin,M,180851
Manuel,M,180402
Miguel,M,179830
Dean,M,179360
Sebastian,M,179278
Ronnie,M,179230
Blake,M,178149
Wyatt,M,177606
Barry,M,177410
Carter,M,177278
Clifford,M,176643
Dominic,M,176162
Tommy,M,173297
Warren,M,172354
Chase,M,170411
Levi,M,170156
Landon,M,169925
Jon,M,164787
Leon,M,163663
Don,M,161878
Seth,M,159555
Mitchell,M,158959
Trevor,M,157470
Brett,M,156678
Darrell,M,156140
Jerome,M,155428
Bill,M,154325
Erik,M,152632
Max,M,152429
Devin,M,152153
Alvin,M,151660
Micheal,M,150718
Lloyd,M,150140
Charlie,M,149317
Gordon,M,147935
Mario,M,144891
Xavier,M,144085
Cole,M,142268
Edgar,M,142112
Derrick,M,142074
Jim,M,140679
Chris,M,140476
Ricardo,M,140003
Floyd,M,139273
Vernon,M,138837
Lewis,M,137728
Marc,M,137128
Alejandro,M,136656
Brent,M,136649
Colton,M,135994
Ivan,M,135522
Francisco,M,133549
Jorge,M,132367
Franklin,M,132102
Eli,M,131054
Clayton,M,130147
Garrett,M,129395
Clyde,M,128484
Maurice,M,128347
Brayden,M,127287
Colin,M,125977
Tom,M,125611
Grant,M,125117
Cory,M,124506
Josiah,M,123528
Andre,M,123482
Gene,M,121981
Gilbert,M,121528
Jake,M,119881
Glen,M,119333
Herman,M,119203
Lester,M,118362
Tristan,M,117238
Carson,M,115747
Spencer,M,115523
Bryce,M,115507
Jeff,M,114618
Diego,M,113339
Preston,M,113284
Aidan,M,112906
Parker,M,111609
Duane,M,110987
Nolan,M,110912
Everett,M,110617
Harvey,M,110590
Casey,M,109304
Elmer,M,108530
Ruben,M,108442
Milton,M,107788
Chester,M,107630
Roberto,M,107213
Taylor,M,107140
Jimmie,M,106381
Reginald,M,106148
Sam,M,105569
Eduardo,M,104096
Leslie,M,103915
Micah,M,102271
Lance,M,101842
Hayden,M,101564
Hector,M,101496
Darren,M,101408
Grayson,M,100328
Javier,M,100159
Jessie,M,99679
Neil,M,99150
Dan,M,98257
Cooper,M,97225
Jaxon,M,97160
Omar,M,97037
Arnold,M,96991
Cecil,M,96498
Fernando,M,95883
Maxwell,M,95848
Karl,M,94663
Damian,M,93945
Elias,M,93893
Tanner,M,93625
Riley,M,93447
Johnnie,M,93372
Johnathan,M,93341
Roland,M,92816
Miles,M,91791
Clinton,M,91153
Nicolas,M,90800
Allan,M,90280
Abraham,M,89593
Darryl,M,88630
Brady,M,88580
Brendan,M,88320
Bob,M,88268
Dakota,M,87931
Marshall,M,87653
Lonnie,M,87042
Pedro,M,86612
Andy,M,86294
Andres,M,86269
Jamie,M,83435
Raul,M,82842
Kurt,M,81775
Ayden,M,81432
Mateo,M,81029
Kaleb,M,80487
Harrison,M,80261
Brad,M,80112
Rafael,M,79807
Guy,M,79309
Emmanuel,M,79248
Hudson,M,78966
Dalton,M,78949
Lincoln,M,78880
Tim,M,78608
Roman,M,78585
Rick,M,78172
Kelly,M,77799
Ashton,M,77306
Asher,M,76969
Jaden,M,76959
Leonardo,M,76906
Claude,M,76532
Jace,M,76478
Angelo,M,76428
Sergio,M,76237
Byron,M,75998
Tyrone,M,75848
Collin,M,75712
Giovanni,M,75385
Ross,M,74927
Greg,M,74797
Jackie,M,74736
Wallace,M,74508
Sidney,M,74169
Santiago,M,73790
Brody,M,73427
Dwight,M,73291
Cesar,M,73046
Drew,M,72849
Dwayne,M,72473
Julius,M,72298
Erick,M,72161
Nelson,M,71296
Armando,M,71111
Hugh,M,71088
Bryson,M,70890
Mathew,M,70849
Jonah,M,70675
Ben,M,70551
Ramon,M,70241
Marco,M,70022
Ted,M,69876
Willard,M,69232
Lorenzo,M,69016
Devon,M,68694
Felix,M,68230
Freddie,M,68102
Perry,M,68000
Terrence,M,67989
Wade,M,67623
Ezra,M,67384
Shaun,M,67374
Jaime,M,66433
Terrance,M,65888
Cristian,M,64802
Caden,M,64370
Kent,M,64271
Kaden,M,64115
Easton,M,63726
Stuart,M,63537
Kirk,M,63530
Marion,M,63440
Virgil,M,63069
Clifton,M,62978
Alexis,M,62840
Morris,M,62304
Jonathon,M,62195
Damon,M,62122
Dillon,M,61986
Israel,M,61565
Dominick,M,61267
Dallas,M,61025
Kayden,M,60698
Kristopher,M,60396
Malcolm,M,60287
Daryl,M,58993
Damien,M,58833
Emmett,M,58588
Rickey,M,58479
Gage,M,58431
Julio,M,58386
Alberto,M,57884
Fredrick,M,57707
Jaxson,M,57516
Simon,M,57511
Ezekiel,M,57395
Avery,M,56639
Tracy,M,56547
Donnie,M,56430
Dave,M,56166
Enrique,M,55956
Abel,M,55478
Trenton,M,55030
Donovan,M,54950
Braxton,M,54615
Luther,M,53882
Rex,M,53751
Conner,M,53708
Ryder,M,53565
Gerard,M,53524
Sawyer,M,53285
Malachi,M,53232
Weston,M,53157
Salvatore,M,53045
Axel,M,52546
Lyle,M,52066
Arturo,M,52014
Alfredo,M,51947
Silas,M,51796
Josue,M,51698
Otis,M,51031
Geoffrey,M,50521
Gerardo,M,50469
Earnest,M,50414
Hubert,M,50260
Bentley,M,50070
Camden,M,50018
Colby,M,49646
Leland,M,49588
Alec,M,49557
Kai,M,49497
Homer,M,49468
Darius,M,49446
Chance,M,49330
Wilbur,M,49257
Neal,M,49193
Joey,M,49046
Dana,M,48724
Wendell,M,48560
Marcos,M,48499
Shannon,M,48231
Trent,M,48206
Elliott,M,48066
Peyton,M,47996
Kelvin,M,47675
Lynn,M,47602
Zane,M,47478
Kenny,M,47133
Emanuel,M,47021
Bennett,M,46963
Greyson,M,46755
Kerry,M,46363
Bryant,M,46207
Rudolph,M,46206
Jameson,M,46199
Graham,M,46059
Declan,M,45974
Myles,M,45927
Bennie,M,45861
Beau,M,45531
Tucker,M,45295
Rene,M,45249
Horace,M,44977
Malik,M,44908
Elliot,M,44850
Salvador,M,44475
Kaiden,M,44322
Randolph,M,44279
Jasper,M,44278
Dante,M,44216
Grady,M,43997
Pablo,M,43970
Garry,M,43902
August,M,43733
Luca,M,43707
Carlton,M,43692
Ty,M,43622
Orlando,M,43585
Forrest,M,43466
Willis,M,43397
Noel,M,43338
Tyson,M,43273
Rudy,M,43186
Edmund,M,43180
Nick,M,43166
Braden,M,43090
Ira,M,43011
Benny,M,42353
Jude,M,42142
Maverick,M,42133
Emilio,M,41962
Griffin,M,41841
Archie,M,41665
Clark,M,41542
Roderick,M,41510
Delbert,M,41374
Robin,M,40932
Wilson,M,40564
Dawson,M,40448
Ernesto,M,40384
Alton,M,40363
Loren,M,40297
Amir,M,40093
Jermaine,M,39886
Brock,M,39357
Maddox,M,39334
Myron,M,39128
Skyler,M,39011
Ellis,M,38388
Sammy,M,38375
Fabian,M,37881
Morgan,M,37626
Quentin,M,37302
Lane,M,37301
Jalen,M,37274
Trey,M,37158
Frankie,M,36899
Junior,M,36852
Lukas,M,36797
Alonzo,M,36782
Cedric,M,36687
Ismael,M,36557
Cayden,M,36488
Saul,M,36402
Pete,M,36390
Irving,M,36226
Kingston,M,36180
Gustavo,M,36147
Lowell,M,36134
Sylvester,M,35978
Corbin,M,35790
Jaylen,M,35754
Zion,M,35444
Alfonso,M,35418
Wilbert,M,34997
Keegan,M,34972
Jayce,M,34897
Nickolas,M,34882
Woodrow,M,34401
Kameron,M,34222
Brooks,M,34001
Moses,M,33690
Kyler,M,33500
Gael,M,33481
Desmond,M,33235
Gregg,M,33134
Xander,M,33022
Clay,M,32980
Ron,M,32786
Demetrius,M,32759
Roosevelt,M,32742
Harley,M,32736
Drake,M,32730
Laurence,M,32624
Sherman,M,32530
Ervin,M,32479
Irvin,M,32339
Terrell,M,32215
Kim,M,32085
Ryker,M,31927
Mack,M,31901
Waylon,M,31845
Chandler,M,31534
Reid,M,31524
Rowan,M,31170
Jayson,M,31104
Quinn,M,30885
Carroll,M,30821
Sheldon,M,30687
Jamal,M,30315
Esteban,M,30285
Rodolfo,M,30202
Jaiden,M,30135
Dexter,M,30009
Brennan,M,29974
Terence,M,29736
Toby,M,29705
Kendall,M,29690
Conrad,M,29668
Darin,M,29649
Rylan,M,29638
Hugo,M,29613
Tommie,M,29418
Maximus,M,29403
Jakob,M,29394
Cornelius,M,29334
Lamar,M,29308
Emiliano,M,29030
Solomon,M,28953
Zackary,M,28806
King,M,28718
Joaquin,M,28695
Orville,M,28694
Dane,M,28383
Ken,M,28349
Marty,M,28275
Rufus,M,28261
Cade,M,28068
Guillermo,M,28054
Jody,M,28052
Sterling,M,28008
Kendrick,M,27840
Billie,M,27615
Clint,M,27502
Ali,M,27433
Teddy,M,27364
Felipe,M,27344
Reed,M,27291
Zachery,M,27172
Elbert,M,26970
Zachariah,M,26882
Moises,M,26824
Dewey,M,26807
Deandre,M,26786
Adan,M,26769
Darrin,M,26717
Bret,M,26709
Doyle,M,26669
Blaine,M,26662
Quinton,M,26642
Milo,M,26636
Bradford,M,26633
Amos,M,26533
Marlon,M,26508
Brantley,M,26504
Walker,M,26412
Finn,M,26361
Rocco,M,26132
Holden,M,26054
Rory,M,26018
Heath,M,25944
Will,M,25857
Lionel,M,25623
River,M,25532
Dick,M,25450
Gilberto,M,25422
Merle,M,25298
Darrel,M,25296
Judah,M,25274
Randal,M,25274
Aubrey,M,25160
Branden,M,25129
Davis,M,25109
Anderson,M,24868
Darnell,M,24676
Stewart,M,24572
Royce,M,24472
Rhett,M,24452
Landen,M,24364
Zander,M,24304
Cruz,M,24283
Zayden,M,24226
Tomas,M,24196
Winston,M,24030
Antoine,M,23898
Bert,M,23610
Conor,M,23499
Otto,M,23484
Emil,M,23472
Wilfred,M,23242
Brenden,M,23199
Jarrod,M,23029
Rodrigo,M,23022
Percy,M,22848
Rocky,M,22795
Johnathon,M,22775
Louie,M,22752
Reuben,M,22741
Pat,M,22714
Karter,M,22485
Stephan,M,22441
Rogelio,M,22385
Dewayne,M,22354
Ramiro,M,22325
Amari,M,22269
Emerson,M,22252
Guadalupe,M,22239
Matteo,M,22224
Timmy,M,22207
Van,M,22151
Mickey,M,22134
Quincy,M,21831
Freddy,M,21812
Payton,M,21716
Marquis,M,21595
Barrett,M,21488
Jerald,M,21476
Paxton,M,21460
Cash,M,21202
Boyd,M,21152
Jonas,M,21045
Kody,M,20976
Dominique,M,20697
Tobias,M,20666
Colt,M,20652
Leonel,M,20625
Rolando,M,20531
Eldon,M,20529
Jase,M,20419
Mauricio,M,20377
Caiden,M,20106
Nikolas,M,20064
Darwin,M,20060
Isiah,M,19939
Doug,M,19922
Beckett,M,19891
Noe,M,19870
Cary,M,19856
Lamont,M,19767
Khalil,M,19693
Jax,M,19683
Vance,M,19532
Thaddeus,M,19504
Tristen,M,19434
Titus,M,19429
Gunner,M,19375
Keaton,M,19301
Garland,M,19081
Jarrett,M,19079
Dorian,M,19035
Adriel,M,19032
Aden,M,19023
Issac,M,18952
Harlan,M,18786
Kobe,M,18746
Messiah,M,18727
Romeo,M,18577
Phoenix,M,18442
Grover,M,18342
Jean,M,18285
Courtney,M,18285
Edmond,M,18090
Stacy,M,18089
Matt,M,18087
Kade,M,17932
Buddy,M,17917
Nathanael,M,17859
Loyd,M,17852
Tate,M,17787
Maximiliano,M,17782
Jan,M,17684
Enzo,M,17593
Cyrus,M,17546
Monte,M,17483
Bailey,M,17451
Vicente,M,17319
Reynaldo,M,17281
Remington,M,17236
Sammie,M,17221
Rodger,M,17199
Ariel,M,17101
Robbie,M,17059
Jett,M,17047
Archer,M,17001
Kristian,M,16989
Brendon,M,16987
Justice,M,16796
Jefferson,M,16791
Anton,M,16788
Cleveland,M,16744
Uriel,M,16701
Ahmad,M,16633
Jamison,M,16524
Karson,M,16513
Norbert,M,16490
Stefan,M,16464
Braylon,M,16321
Jess,M,16255
Nehemiah,M,16247
Cohen,M,16211
Raphael,M,16139
Prince,M,15995
Derick,M,15994
Ignacio,M,15968
Burton,M,15939
Orion,M,15929
Murray,M,15899
Johnie,M,15842
Skylar,M,15797
Efrain,M,15721
Reece,M,15694
Marlin,M,15694
Theo,M,15642
Denis,M,15537
Elwood,M,15511
Knox,M,15508
Mohamed,M,15493
Elton,M,15476
Ed,M,15449
Thiago,M,15398
Legend,M,15277
Phil,M,15230
Zackery,M,15170
Javon,M,15141
Scotty,M,15137
Matias,M,15063
Bobbie,M,15052
Elvin,M,15048
Gideon,M,14992
Iker,M,14978
Erwin,M,14859
Ezequiel,M,14846
Aron,M,14812
Maximilian,M,14792
Ari,M,14740
Kareem,M,14633
Chuck,M,14616
Muhammad,M,14616
Roscoe,M,14564
Vaughn,M,14539
Duncan,M,14534
Nash,M,14502
Dion,M,14494
Santos,M,14408
Humberto,M,14303
Kurtis,M,14302
Major,M,14301
Ace,M,14287
Rusty,M,14286
Ronan,M,14282
Keenan,M,14233
Rashad,M,14184
Abram,M,14061
Brayan,M,14054
Kellen,M,14032
Moshe,M,14016
Damion,M,14007
Porter,M,13978
Colten,M,13944
Marcel,M,13939
Pierce,M,13927
Nasir,M,13915
Kane,M,13892
Jamar,M,13773
Aldo,M,13765
Isaias,M,13744
Gunnar,M,13664
Kolton,M,13609
Bruno,M,13550
Carmen,M,13544
Deshawn,M,13525
Pierre,M,13522
Darian,M,13470
Alvaro,M,13460
Jarvis,M,13451
Ahmed,M,13376
Donte,M,13301
Mohammad,M,13264
Luka,M,13244
Adolfo,M,13243
Tyrell,M,13208
Rickie,M,13207
Elvis,M,13019
Ulysses,M,12982
Reese,M,12966
Sonny,M,12830
Charley,M,12820
Nico,M,12780
Bart,M,12771
Ibrahim,M,12719
Curt,M,12648
Agustin,M,12638
Braydon,M,12563
Augustus,M,12388
Adolph,M,12372
Camron,M,12365
Kermit,M,12362
Finley,M,12359
Adonis,M,12346
Mohammed,M,12320
Trevon,M,12318
Thurman,M,12308
Kieran,M,12244
Carey,M,12243
Osvaldo,M,12191
Emory,M,12093
Atticus,M,12090
Vito,M,12015
Asa,M,12008
Jamari,M,11978
Braeden,M,11969
Ned,M,11911
Houston,M,11906
Hal,M,11875
Coy,M,11862
Kyrie,M,11839
Denver,M,11838
Cullen,M,11830
Ernie,M,11826
Deon,M,11768
Emery,M,11764
Jeffry,M,11759
Gus,M,11723
Izaiah,M,11685
Al,M,11633
Demarcus,M,11600
Josh,M,11586
Millard,M,11555
Norris,M,11545
Arlo,M,11514
Irwin,M,11499
Coleman,M,11496
Beckham,M,11494
Shelby,M,11416
Ashley,M,11348
Wiley,M,11323
Brycen,M,11292
Kason,M,11278
Luciano,M,11216
Kash,M,11203
Seymour,M,11190
Tyree,M,11172
Alphonso,M,11166
Carlo,M,11163
Kory,M,11131
Armani,M,11122
Jayceon,M,11114
Gianni,M,11087
Carmine,M,11072
Quintin,M,11060
Davon,M,11053
Brenton,M,11029
Lawson,M,11029
Jensen,M,11027
Killian,M,11016
Devan,M,11009
Davion,M,10983
Kris,M,10979
Jordon,M,10969
Domingo,M,10953
Armand,M,10937
Benito,M,10936
Donnell,M,10880
Odell,M,10872
Barney,M,10861
Scot,M,10858
Monty,M,10833
Jarred,M,10824
Markus,M,10792
Bryon,M,10775
Johan,M,10745
Russel,M,10717
Galen,M,10695
Atlas,M,10664
Denny,M,10616
Brice,M,10611
Ollie,M,10610
Braylen,M,10579
Wilmer,M,10566
Sage,M,10553
Stacey,M,10529
Ronny,M,10524
Mekhi,M,10523
Royal,M,10492
Monroe,M,10477
Malakai,M,10424
Yahir,M,10417
Maynard,M,10377
Chadwick,M,10359
Laverne,M,10353
Antwan,M,10349
Gerry,M,10320
Alijah,M,10296
Daxton,M,10245
Merlin,M,10217
Sanford,M,10195
Harris,M,10064
Dayton,M,10055
