name,count
Oliver,199283
Jeff,114618
Lance,101842
Neil,99150
Elias,93893
Roland,92816
Clinton,91153
Nicolas,90800
Allan,90280
Bob,88268
Kurt,81775
Mateo,81029
Brad,80112
Guy,79309
Tim,78608
Rick,78172
Byron,75998
Greg,74797
Wallace,74508
Dwight,73291
Dwayne,72473
Julius,72298
Nelson,71296
Mathew,70849
Ted,69876
Lorenzo,69016
Wade,67623
Kent,64271
Stuart,63537
Kirk,63530
Clifton,62978
Malcolm,60287
Emmett,58588
Fredrick,57707
Jaxson,57516
Simon,57511
Ezekiel,57395
Dave,56166
Abel,55478
Donovan,54950
Rex,53751
Gerard,53524
Axel,52546
Silas,51796
Geoffrey,50521
Hubert,50260
Leland,49588
Wilbur,49257
Neal,49193
Wendell,48560
Trent,48206
Bryant,46207
Graham,46059
Horace,44977
Randolph,44279
Dante,44216
Garry,43902
Orlando,43585
Tyson,43273
Edmund,43180
Nick,43166
Benny,42353
Emilio,41962
Roderick,41510
Delbert,41374
Wilson,40564
Alton,40363
Brock,39357
Myron,39128
Quentin,37302
Trey,37158
Alonzo,36782
Cedric,36687
Ismael,36557
Pete,36390
Kingston,36180
Lowell,36134
Alfonso,35418
Wilbert,34997
Nickolas,34882
Woodrow,34401
Moses,33690
Clay,32980
Ron,32786
Drake,32730
Sherman,32530
Ervin,32479
Irvin,32339
Mack,31901
Jayson,31104
Sheldon,30687
Terence,29736
Conrad,29668
Maximus,29403
Jakob,29394
Emiliano,29030
Solomon,28953
Zackary,28806
King,28718
Joaquin,28695
Dane,28383
Ken,28349
Rufus,28261
Clint,27502
Zachery,27172
Elbert,26970
Zachariah,26882
Adan,26769
Darrin,26717
Bret,26709
Doyle,26669
Bradford,26633
Amos,26533
Marlon,26508
Rocco,26132
Heath,25944
Lionel,25623
Dick,25450
Darrel,25296
Branden,25129
Stewart,24572
Rhett,24452
Zayden,24226
Tomas,24196
Winston,24030
Bert,23610
Conor,23499
Otto,23484
Emil,23472
Brenden,23199
Jarrod,23029
Rodrigo,23022
Reuben,22741
Dewayne,22354
Ramiro,22325
Matteo,22224
Timmy,22207
Freddy,21812
Jerald,21476
Cash,21202
Boyd,21152
Jonas,21045
Tobias,20666
Colt,20652
Leonel,20625
Rolando,20531
Eldon,20529
Jase,20419
Mauricio,20377
Nikolas,20064
Darwin,20060
Isiah,19939
Doug,19922
Lamont,19767
Khalil,19693
Vance,19532
Thaddeus,19504
Titus,19429
Gunner,19375
Garland,19081
Jarrett,19079
Issac,18952
Romeo,18577
Edmond,18090
Matt,18087
Kade,17932
Buddy,17917
Nathanael,17859
Maximiliano,17782
Enzo,17593
Cyrus,17546
Vicente,17319
Reynaldo,17281
Rodger,17199
Brendon,16987
Jefferson,16791
Anton,16788
Cleveland,16744
Ahmad,16633
Norbert,16490
Stefan,16464
Braylon,16321
Raphael,16139
Derick,15994
Ignacio,15968
Burton,15939
Murray,15899
Efrain,15721
Knox,15508
Mohamed,15493
Ed,15449
Thiago,15398
Phil,15230
Zackery,15170
Matias,15063
Elvin,15048
Gideon,14992
Iker,14978
Erwin,14859
Ezequiel,14846
Aron,14812
Maximilian,14792
Muhammad,14616
Chuck,14616
Roscoe,14564
Duncan,14534
Nash,14502
Humberto,14303
Kurtis,14302
Major,14301
Ronan,14282
Keenan,14233
Rashad,14184
Abram,14061
Brayan,14054
Moshe,14016
Damion,14007
Colten,13944
Nasir,13915
Kane,13892
Jamar,13773
Aldo,13765
Isaias,13744
Kolton,13609
Bruno,13550
Pierre,13522
Alvaro,13460
Jarvis,13451
Ahmed,13376
Donte,13301
Mohammad,13264
Adolfo,13243
Tyrell,13208
Ulysses,12982
Bart,12771
Ibrahim,12719
Curt,12648
Agustin,12638
Braydon,12563
Augustus,12388
Adolph,12372
Kermit,12362
Adonis,12346
Mohammed,12320
Trevon,12318
Thurman,12308
Osvaldo,12191
Atticus,12090
Vito,12015
Ned,11911
Houston,11906
Hal,11875
Cullen,11830
Jeffry,11759
Gus,11723
Izaiah,11685
Demarcus,11600
Josh,11586
Millard,11555
Norris,11545
Irwin,11499
Coleman,11496
Brycen,11292
Kason,11278
Luciano,11216
Kash,11203
Seymour,11190
Alphonso,11166
Carlo,11163
Jayceon,11114
Quintin,11060
Brenton,11029
Killian,11016
Armand,10937
Barney,10861
Scot,10858
Monty,10833
Jarred,10824
Markus,10792
Bryon,10775
Johan,10745
Russel,10717
Mekhi,10523
Malakai,10424
Maynard,10377
Chadwick,10359
Antwan,10349
Daxton,10245
Sanford,10195
Harris,10064
